Morganica;Avi;doctor;2006;6
Janis;Lunsford;police officer;1967;9
Augustine;Fry;firefighter;1921;4
Adriana;Gaulin;firefighter;1929;7
Kaja;Holtz;police officer;1982;7
Ricky;Norvol;police officer;1922;6
Elyssa;Lynn;firefighter;1997;3
Sharai;Roarke;firefighter;1965;1
Lauryn;Henebry;worker;1984;10
Tierney;Pitt;firefighter;1941;4
Elka;Valerio;police officer;1950;6
Carmencita;Billye;doctor;1937;2
Carolina;Yusuk;worker;1921;2
Caritta;Dulciana;doctor;1909;5
Janey;Hubert;worker;2005;7
Veda;Albertine;police officer;1974;9
Merci;Jammal;firefighter;1913;10
Dominga;Viddah;firefighter;1957;5
Genovera;Zaslow;doctor;2012;3
Elmira;Sheedy;worker;1940;1
Gusella;Kimmie;firefighter;1903;4
Jacquetta;Mallon;doctor;1984;10
Daryl;Jehu;developer;1996;2
Bertine;Keily;developer;1939;4
Elmira;Sundin;developer;1910;10
Kial;Yam;police officer;1948;6
Grier;Chandler;firefighter;1957;4
Arlena;Chauncey;firefighter;1924;6
Aaren;Millda;developer;2012;9
Evita;Leler;doctor;1904;3
Pierette;Thomasina;worker;1964;4
Tiffie;Dosia;firefighter;1946;8
Kirstin;Kirbee;worker;2003;3
Kalina;Turne;developer;2010;5
Cathyleen;Atonsah;developer;1985;10
Stevana;Elbertina;firefighter;1903;9
Anthia;Brunell;worker;1922;1
Dagmar;Kenney;doctor;1981;10
Dacia;Selway;developer;1960;8
Christal;Ivens;developer;1997;8
Jemie;Heidt;firefighter;1948;9
Jemie;Shirberg;developer;1942;6
Florencia;Melan;police officer;1962;8
Consuela;Wesle;developer;1983;5
Blinni;Morgun;worker;1985;9
Babita;Aurelio;police officer;1941;2
Melodie;Stuart;firefighter;2006;1
Mamie;Eben;developer;1971;6
Amelia;Rooney;developer;2001;9
Mureil;Rustice;police officer;1960;6
Cherrita;Malvino;firefighter;1970;2
Noelle;Eliathas;police officer;1999;1
Shell;Wesle;developer;1937;3
Pierette;Peti;police officer;1930;1
Carree;McGrody;doctor;1972;6
Carree;McClimans;worker;1998;1
Marcelline;Hollingsworth;worker;1990;10
Mellicent;Friede;developer;1942;9
Cathie;Travax;doctor;1915;8
Adore;Peti;doctor;1960;4
Alexine;Brodench;police officer;1903;8
Frieda;Wenoa;developer;1923;4
Harmonia;Ranjiv;firefighter;1986;9
Jackie;Goerke;developer;2011;10
Madalyn;Forrer;doctor;2012;1
Jordan;Belanger;doctor;1990;5
Lexine;Eliathas;worker;1978;7
Kassey;Berne;worker;1984;8
Carly;Creamer;developer;1991;6
Dawn;Uird;firefighter;1985;2
Basia;Madaih;police officer;1926;9
Reeba;Ackerley;doctor;1988;9
Joleen;Westphal;police officer;1944;10
Vinita;Kat;doctor;1939;5
Gilda;Roumell;worker;2018;10
Rhoda;Ahab;firefighter;1939;1
Lexine;Fredi;worker;1919;8
Ernesta;Colbert;firefighter;1980;5
Paulita;Brotherson;developer;1939;8
Orsola;Halla;firefighter;1965;7
Charlena;Mauer;developer;1973;5
Ira;Dimitris;doctor;1908;10
Ebonee;Westphal;police officer;1987;5
Tori;McNully;firefighter;2009;2
Lila;Liva;police officer;1972;6
Gerianna;Thomasina;developer;1988;8
Jaclyn;Mathilde;developer;1987;3
Louella;Giff;police officer;1910;6
Lory;Idelia;firefighter;1925;5
Etta;Afton;worker;1913;5
Dode;Juan;worker;1935;3
Dacia;Bennie;doctor;1981;6
Fina;Kenwood;doctor;1965;4
Wynne;Meli;doctor;1903;4
Alisha;Pauly;worker;1961;1
Jemie;Couture;worker;1919;3
Joleen;Scammon;worker;1908;7
Elie;Hollingsworth;developer;1941;5
Cissiee;Flyn;firefighter;1907;8